eval_id,label,metric,mode_id,opt_group,pc_name,x,y,ylabel
main,c6,d1_psnr,c4-ws,d1,loot_vox10_1200,0.192071130096798,69.5912,D1 PSNR (dB)
main,c6,d1_psnr,c4-ws,d1,loot_vox10_1200,0.26754254704856,71.7322,D1 PSNR (dB)
main,c6,d1_psnr,c4-ws,d1,loot_vox10_1200,0.444275008226901,73.4382,D1 PSNR (dB)
main,c6,d1_psnr,c4-ws,d1,loot_vox10_1200,0.597254388197967,74.2774,D1 PSNR (dB)
main,c6,d1_psnr,c4-ws,d1,loot_vox10_1200,0.889603059786287,75.1712,D1 PSNR (dB)
main,c5,d1_psnr,c4,d1,loot_vox10_1200,0.274774769181097,71.1553,D1 PSNR (dB)
main,c5,d1_psnr,c4,d1,loot_vox10_1200,0.358740073390166,72.6392,D1 PSNR (dB)
main,c5,d1_psnr,c4,d1,loot_vox10_1200,0.524495054545906,73.9765,D1 PSNR (dB)
main,c5,d1_psnr,c4,d1,loot_vox10_1200,0.88659294535475,75.1189,D1 PSNR (dB)
main,c4,d1_psnr,c3p-a0.75,d1,loot_vox10_1200,0.27437739433865,69.7641,D1 PSNR (dB)
main,c4,d1_psnr,c3p-a0.75,d1,loot_vox10_1200,0.358610926566371,70.9664,D1 PSNR (dB)
main,c4,d1_psnr,c3p-a0.75,d1,loot_vox10_1200,0.524455317061661,72.0341,D1 PSNR (dB)
main,c4,d1_psnr,c3p-a0.75,d1,loot_vox10_1200,0.886622748467934,73.1444,D1 PSNR (dB)
main,c3,d1_psnr,c3p,d1,loot_vox10_1200,0.222788205417958,67.2559,D1 PSNR (dB)
main,c3,d1_psnr,c3p,d1,loot_vox10_1200,0.334490273629833,68.7426,D1 PSNR (dB)
main,c3,d1_psnr,c3p,d1,loot_vox10_1200,0.431757700689818,69.783,D1 PSNR (dB)
main,c3,d1_psnr,c3p,d1,loot_vox10_1200,0.784914657543603,70.9032,D1 PSNR (dB)
main,c2,d1_psnr,c2,d1,loot_vox10_1200,0.113073011418318,61.5898,D1 PSNR (dB)
main,c2,d1_psnr,c2,d1,loot_vox10_1200,0.175957580235569,64.4614,D1 PSNR (dB)
main,c2,d1_psnr,c2,d1,loot_vox10_1200,0.39278516301682,67.8531,D1 PSNR (dB)
main,c2,d1_psnr,c2,d1,loot_vox10_1200,0.538423042773676,68.8648,D1 PSNR (dB)
main,c2,d1_psnr,c2,d1,loot_vox10_1200,0.838838423663672,69.6456,D1 PSNR (dB)
main,c1,d1_psnr,c1,d1,loot_vox10_1200,0.089975598701081,61.216,D1 PSNR (dB)
main,c1,d1_psnr,c1,d1,loot_vox10_1200,0.160161930248297,64.4633,D1 PSNR (dB)
main,c1,d1_psnr,c1,d1,loot_vox10_1200,0.44789111929317,67.2546,D1 PSNR (dB)
main,c1,d1_psnr,c1,d1,loot_vox10_1200,0.695992102175006,68.3402,D1 PSNR (dB)
main,c1,d1_psnr,c1,d1,loot_vox10_1200,1.0355091675618,69.1135,D1 PSNR (dB)
main,G-PCC trisoup,d1_psnr,trisoup-predlift/lossy-geom-lossy-attrs,d1,loot_vox10_1200,0.048330715212627,60.1819,D1 PSNR (dB)
main,G-PCC trisoup,d1_psnr,trisoup-predlift/lossy-geom-lossy-attrs,d1,loot_vox10_1200,0.183984552053,65.828,D1 PSNR (dB)
main,G-PCC trisoup,d1_psnr,trisoup-predlift/lossy-geom-lossy-attrs,d1,loot_vox10_1200,0.183984552053,65.828,D1 PSNR (dB)
main,G-PCC trisoup,d1_psnr,trisoup-predlift/lossy-geom-lossy-attrs,d1,loot_vox10_1200,0.183984552053,65.828,D1 PSNR (dB)
main,G-PCC trisoup,d1_psnr,trisoup-predlift/lossy-geom-lossy-attrs,d1,loot_vox10_1200,0.712463289394438,67.9011,D1 PSNR (dB)
main,G-PCC octree,d1_psnr,octree-predlift/lossy-geom-lossy-attrs,d1,loot_vox10_1200,0.023365640735889,52.8044,D1 PSNR (dB)
main,G-PCC octree,d1_psnr,octree-predlift/lossy-geom-lossy-attrs,d1,loot_vox10_1200,0.077537766132487,58.4394,D1 PSNR (dB)
main,G-PCC octree,d1_psnr,octree-predlift/lossy-geom-lossy-attrs,d1,loot_vox10_1200,0.268396902959822,63.2099,D1 PSNR (dB)
main,G-PCC octree,d1_psnr,octree-predlift/lossy-geom-lossy-attrs,d1,loot_vox10_1200,0.610715460985862,67.9818,D1 PSNR (dB)
main,G-PCC octree,d1_psnr,octree-predlift/lossy-geom-lossy-attrs,d1,loot_vox10_1200,0.792842285650422,69.7064,D1 PSNR (dB)
main,G-PCC octree,d1_psnr,octree-predlift/lossy-geom-lossy-attrs,d1,loot_vox10_1200,0.880930353849879,70.3874,D1 PSNR (dB)
main,c6,d2_psnr,c4-ws,d2,loot_vox10_1200,0.192071130096798,73.3441,D2 PSNR (dB)
main,c6,d2_psnr,c4-ws,d2,loot_vox10_1200,0.267512743935377,75.6521,D2 PSNR (dB)
main,c6,d2_psnr,c4-ws,d2,loot_vox10_1200,0.444275008226901,77.7673,D2 PSNR (dB)
main,c6,d2_psnr,c4-ws,d2,loot_vox10_1200,0.597254388197967,78.853,D2 PSNR (dB)
main,c6,d2_psnr,c4-ws,d2,loot_vox10_1200,0.889603059786287,79.8945,D2 PSNR (dB)
main,c5,d2_psnr,c4,d2,loot_vox10_1200,0.274754900438975,75.3439,D2 PSNR (dB)
main,c5,d2_psnr,c4,d2,loot_vox10_1200,0.358750007761227,77.0067,D2 PSNR (dB)
main,c5,d2_psnr,c4,d2,loot_vox10_1200,0.524495054545906,78.473,D2 PSNR (dB)
main,c5,d2_psnr,c4,d2,loot_vox10_1200,0.88659294535475,79.8465,D2 PSNR (dB)
main,c4,d2_psnr,c3p-a0.75,d2,loot_vox10_1200,0.27437739433865,72.5367,D2 PSNR (dB)
main,c4,d2_psnr,c3p-a0.75,d2,loot_vox10_1200,0.358610926566371,74.1655,D2 PSNR (dB)
main,c4,d2_psnr,c3p-a0.75,d2,loot_vox10_1200,0.524455317061661,75.688,D2 PSNR (dB)
main,c4,d2_psnr,c3p-a0.75,d2,loot_vox10_1200,0.886622748467934,77.2138,D2 PSNR (dB)
main,c3,d2_psnr,c3p,d2,loot_vox10_1200,0.222788205417958,69.1658,D2 PSNR (dB)
main,c3,d2_psnr,c3p,d2,loot_vox10_1200,0.334490273629833,71.237,D2 PSNR (dB)
main,c3,d2_psnr,c3p,d2,loot_vox10_1200,0.431757700689818,72.8076,D2 PSNR (dB)
main,c3,d2_psnr,c3p,d2,loot_vox10_1200,0.784914657543603,74.4537,D2 PSNR (dB)
main,c2,d2_psnr,c2,d2,loot_vox10_1200,0.113073011418318,62.3497,D2 PSNR (dB)
main,c2,d2_psnr,c2,d2,loot_vox10_1200,0.175957580235569,65.6874,D2 PSNR (dB)
main,c2,d2_psnr,c2,d2,loot_vox10_1200,0.39278516301682,70.1896,D2 PSNR (dB)
main,c2,d2_psnr,c2,d2,loot_vox10_1200,0.538423042773676,71.7662,D2 PSNR (dB)
main,c2,d2_psnr,c2,d2,loot_vox10_1200,0.838838423663672,72.9346,D2 PSNR (dB)
main,c1,d2_psnr,c1,d2,loot_vox10_1200,0.089975598701081,61.9291,D2 PSNR (dB)
main,c1,d2_psnr,c1,d2,loot_vox10_1200,0.160161930248297,65.6723,D2 PSNR (dB)
main,c1,d2_psnr,c1,d2,loot_vox10_1200,0.44789111929317,69.3427,D2 PSNR (dB)
main,c1,d2_psnr,c1,d2,loot_vox10_1200,0.695992102175006,70.9197,D2 PSNR (dB)
main,c1,d2_psnr,c1,d2,loot_vox10_1200,1.0355091675618,72.1065,D2 PSNR (dB)
main,G-PCC trisoup,d2_psnr,trisoup-predlift/lossy-geom-lossy-attrs,d2,loot_vox10_1200,0.048330715212627,64.0533,D2 PSNR (dB)
main,G-PCC trisoup,d2_psnr,trisoup-predlift/lossy-geom-lossy-attrs,d2,loot_vox10_1200,0.183984552053,69.3763,D2 PSNR (dB)
main,G-PCC trisoup,d2_psnr,trisoup-predlift/lossy-geom-lossy-attrs,d2,loot_vox10_1200,0.183984552053,69.3763,D2 PSNR (dB)
main,G-PCC trisoup,d2_psnr,trisoup-predlift/lossy-geom-lossy-attrs,d2,loot_vox10_1200,0.183984552053,69.3763,D2 PSNR (dB)
main,G-PCC trisoup,d2_psnr,trisoup-predlift/lossy-geom-lossy-attrs,d2,loot_vox10_1200,0.712463289394438,71.1914,D2 PSNR (dB)
main,G-PCC octree,d2_psnr,octree-predlift/lossy-geom-lossy-attrs,d2,loot_vox10_1200,0.023365640735889,55.6591,D2 PSNR (dB)
main,G-PCC octree,d2_psnr,octree-predlift/lossy-geom-lossy-attrs,d2,loot_vox10_1200,0.077537766132487,62.236,D2 PSNR (dB)
main,G-PCC octree,d2_psnr,octree-predlift/lossy-geom-lossy-attrs,d2,loot_vox10_1200,0.268396902959822,68.548,D2 PSNR (dB)
main,G-PCC octree,d2_psnr,octree-predlift/lossy-geom-lossy-attrs,d2,loot_vox10_1200,0.610715460985862,73.1913,D2 PSNR (dB)
main,G-PCC octree,d2_psnr,octree-predlift/lossy-geom-lossy-attrs,d2,loot_vox10_1200,0.792842285650422,74.6868,D2 PSNR (dB)
main,G-PCC octree,d2_psnr,octree-predlift/lossy-geom-lossy-attrs,d2,loot_vox10_1200,0.880930353849879,75.269,D2 PSNR (dB)
alpha,$\alpha = 0.90$,d1_psnr,c3p,d1,loot_vox10_1200,0.222788205417958,67.2559,D1 PSNR (dB)
alpha,$\alpha = 0.90$,d1_psnr,c3p,d1,loot_vox10_1200,0.334490273629833,68.7426,D1 PSNR (dB)
alpha,$\alpha = 0.90$,d1_psnr,c3p,d1,loot_vox10_1200,0.431757700689818,69.783,D1 PSNR (dB)
alpha,$\alpha = 0.90$,d1_psnr,c3p,d1,loot_vox10_1200,0.784914657543603,70.9032,D1 PSNR (dB)
alpha,$\alpha = 0.75$,d1_psnr,c3p-a0.75,d1,loot_vox10_1200,0.27437739433865,69.7641,D1 PSNR (dB)
alpha,$\alpha = 0.75$,d1_psnr,c3p-a0.75,d1,loot_vox10_1200,0.358610926566371,70.9664,D1 PSNR (dB)
alpha,$\alpha = 0.75$,d1_psnr,c3p-a0.75,d1,loot_vox10_1200,0.524455317061661,72.0341,D1 PSNR (dB)
alpha,$\alpha = 0.75$,d1_psnr,c3p-a0.75,d1,loot_vox10_1200,0.886622748467934,73.1444,D1 PSNR (dB)
alpha,$\alpha = 0.50$,d1_psnr,c3p-a0.5,d1,loot_vox10_1200,0.242080754018764,67.4028,D1 PSNR (dB)
alpha,$\alpha = 0.50$,d1_psnr,c3p-a0.5,d1,loot_vox10_1200,0.389357805000714,71.8989,D1 PSNR (dB)
alpha,$\alpha = 0.50$,d1_psnr,c3p-a0.5,d1,loot_vox10_1200,0.55356302427091,73.4535,D1 PSNR (dB)
alpha,$\alpha = 0.50$,d1_psnr,c3p-a0.5,d1,loot_vox10_1200,1.01249122981305,74.7536,D1 PSNR (dB)
alpha,$\alpha = 0.25$,d1_psnr,c3p-a0.25,d1,loot_vox10_1200,0.361839597161253,66.2053,D1 PSNR (dB)
alpha,$\alpha = 0.25$,d1_psnr,c3p-a0.25,d1,loot_vox10_1200,0.461848910634123,68.4538,D1 PSNR (dB)
alpha,$\alpha = 0.25$,d1_psnr,c3p-a0.25,d1,loot_vox10_1200,0.864469101001509,71.2444,D1 PSNR (dB)
alpha,G-PCC trisoup,d1_psnr,trisoup-predlift/lossy-geom-lossy-attrs,d1,loot_vox10_1200,0.048330715212627,60.1819,D1 PSNR (dB)
alpha,G-PCC trisoup,d1_psnr,trisoup-predlift/lossy-geom-lossy-attrs,d1,loot_vox10_1200,0.183984552053,65.828,D1 PSNR (dB)
alpha,G-PCC trisoup,d1_psnr,trisoup-predlift/lossy-geom-lossy-attrs,d1,loot_vox10_1200,0.183984552053,65.828,D1 PSNR (dB)
alpha,G-PCC trisoup,d1_psnr,trisoup-predlift/lossy-geom-lossy-attrs,d1,loot_vox10_1200,0.183984552053,65.828,D1 PSNR (dB)
alpha,G-PCC trisoup,d1_psnr,trisoup-predlift/lossy-geom-lossy-attrs,d1,loot_vox10_1200,0.712463289394438,67.9011,D1 PSNR (dB)
alpha,$\alpha = 0.90$,d2_psnr,c3p,d2,loot_vox10_1200,0.222788205417958,69.1658,D2 PSNR (dB)
alpha,$\alpha = 0.90$,d2_psnr,c3p,d2,loot_vox10_1200,0.334490273629833,71.237,D2 PSNR (dB)
alpha,$\alpha = 0.90$,d2_psnr,c3p,d2,loot_vox10_1200,0.431757700689818,72.8076,D2 PSNR (dB)
alpha,$\alpha = 0.90$,d2_psnr,c3p,d2,loot_vox10_1200,0.784914657543603,74.4537,D2 PSNR (dB)
alpha,$\alpha = 0.75$,d2_psnr,c3p-a0.75,d2,loot_vox10_1200,0.27437739433865,72.5367,D2 PSNR (dB)
alpha,$\alpha = 0.75$,d2_psnr,c3p-a0.75,d2,loot_vox10_1200,0.358610926566371,74.1655,D2 PSNR (dB)
alpha,$\alpha = 0.75$,d2_psnr,c3p-a0.75,d2,loot_vox10_1200,0.524455317061661,75.688,D2 PSNR (dB)
alpha,$\alpha = 0.75$,d2_psnr,c3p-a0.75,d2,loot_vox10_1200,0.886622748467934,77.2138,D2 PSNR (dB)
alpha,$\alpha = 0.50$,d2_psnr,c3p-a0.5,d2,loot_vox10_1200,0.242080754018764,73.7732,D2 PSNR (dB)
alpha,$\alpha = 0.50$,d2_psnr,c3p-a0.5,d2,loot_vox10_1200,0.389357805000714,77.2064,D2 PSNR (dB)
alpha,$\alpha = 0.50$,d2_psnr,c3p-a0.5,d2,loot_vox10_1200,0.55356302427091,78.6339,D2 PSNR (dB)
alpha,$\alpha = 0.50$,d2_psnr,c3p-a0.5,d2,loot_vox10_1200,1.01249122981305,80.1725,D2 PSNR (dB)
alpha,$\alpha = 0.25$,d2_psnr,c3p-a0.25,d2,loot_vox10_1200,0.361839597161253,73.6758,D2 PSNR (dB)
alpha,$\alpha = 0.25$,d2_psnr,c3p-a0.25,d2,loot_vox10_1200,0.461848910634123,74.8537,D2 PSNR (dB)
alpha,$\alpha = 0.25$,d2_psnr,c3p-a0.25,d2,loot_vox10_1200,0.864469101001509,76.9404,D2 PSNR (dB)
alpha,G-PCC trisoup,d2_psnr,trisoup-predlift/lossy-geom-lossy-attrs,d2,loot_vox10_1200,0.048330715212627,64.0533,D2 PSNR (dB)
alpha,G-PCC trisoup,d2_psnr,trisoup-predlift/lossy-geom-lossy-attrs,d2,loot_vox10_1200,0.183984552053,69.3763,D2 PSNR (dB)
alpha,G-PCC trisoup,d2_psnr,trisoup-predlift/lossy-geom-lossy-attrs,d2,loot_vox10_1200,0.183984552053,69.3763,D2 PSNR (dB)
alpha,G-PCC trisoup,d2_psnr,trisoup-predlift/lossy-geom-lossy-attrs,d2,loot_vox10_1200,0.183984552053,69.3763,D2 PSNR (dB)
alpha,G-PCC trisoup,d2_psnr,trisoup-predlift/lossy-geom-lossy-attrs,d2,loot_vox10_1200,0.712463289394438,71.1914,D2 PSNR (dB)
main,c6,d1_psnr,c4-ws,d1,redandblack_vox10_1550,0.193735968884413,69.2445,D1 PSNR (dB)
main,c6,d1_psnr,c4-ws,d1,redandblack_vox10_1550,0.270252649167009,70.6458,D1 PSNR (dB)
main,c6,d1_psnr,c4-ws,d1,redandblack_vox10_1550,0.451973165842012,72.439,D1 PSNR (dB)
main,c6,d1_psnr,c4-ws,d1,redandblack_vox10_1550,0.60953607737191,73.1951,D1 PSNR (dB)
main,c6,d1_psnr,c4-ws,d1,redandblack_vox10_1550,0.910893754842013,74.1058,D1 PSNR (dB)
main,c5,d1_psnr,c4,d1,redandblack_vox10_1550,0.275436820550858,70.1167,D1 PSNR (dB)
main,c5,d1_psnr,c4,d1,redandblack_vox10_1550,0.361793923908295,71.437,D1 PSNR (dB)
main,c5,d1_psnr,c4,d1,redandblack_vox10_1550,0.532322543094745,72.7503,D1 PSNR (dB)
main,c5,d1_psnr,c4,d1,redandblack_vox10_1550,0.909922382607158,74.0821,D1 PSNR (dB)
main,c4,d1_psnr,c3p-a0.75,d1,redandblack_vox10_1550,0.275120068735144,68.9835,D1 PSNR (dB)
main,c4,d1_psnr,c3p-a0.75,d1,redandblack_vox10_1550,0.361677781575867,70.0342,D1 PSNR (dB)
main,c4,d1_psnr,c3p-a0.75,d1,redandblack_vox10_1550,0.532280309519316,71.0816,D1 PSNR (dB)
main,c4,d1_psnr,c3p-a0.75,d1,redandblack_vox10_1550,0.909911824213301,72.2432,D1 PSNR (dB)
main,c3,d1_psnr,c3p,d1,redandblack_vox10_1550,0.223890741740366,66.4853,D1 PSNR (dB)
main,c3,d1_psnr,c3p,d1,redandblack_vox10_1550,0.338533782241045,68.0042,D1 PSNR (dB)
main,c3,d1_psnr,c3p,d1,redandblack_vox10_1550,0.437508166257749,68.9524,D1 PSNR (dB)
main,c3,d1_psnr,c3p,d1,redandblack_vox10_1550,0.798679144928473,70.1204,D1 PSNR (dB)
main,c2,d1_psnr,c2,d1,redandblack_vox10_1550,0.109194909270402,61.6077,D1 PSNR (dB)
main,c2,d1_psnr,c2,d1,redandblack_vox10_1550,0.172397454899161,64.2792,D1 PSNR (dB)
main,c2,d1_psnr,c2,d1,redandblack_vox10_1550,0.394482711289959,67.4999,D1 PSNR (dB)
main,c2,d1_psnr,c2,d1,redandblack_vox10_1550,0.544380228879583,68.4334,D1 PSNR (dB)
main,c2,d1_psnr,c2,d1,redandblack_vox10_1550,0.847437807760683,69.2741,D1 PSNR (dB)
main,c1,d1_psnr,c1,d1,redandblack_vox10_1550,0.089376804000576,61.2772,D1 PSNR (dB)
main,c1,d1_psnr,c1,d1,redandblack_vox10_1550,0.155672959029472,64.1977,D1 PSNR (dB)
main,c1,d1_psnr,c1,d1,redandblack_vox10_1550,0.441076903381458,66.8616,D1 PSNR (dB)
main,c1,d1_psnr,c1,d1,redandblack_vox10_1550,0.6895264692335,67.9022,D1 PSNR (dB)
main,c1,d1_psnr,c1,d1,redandblack_vox10_1550,1.03293822943654,68.6491,D1 PSNR (dB)
main,G-PCC trisoup,d1_psnr,trisoup-predlift/lossy-geom-lossy-attrs,d1,redandblack_vox10_1550,0.04813571759464,59.0333,D1 PSNR (dB)
main,G-PCC trisoup,d1_psnr,trisoup-predlift/lossy-geom-lossy-attrs,d1,redandblack_vox10_1550,0.187052505572852,65.4201,D1 PSNR (dB)
main,G-PCC trisoup,d1_psnr,trisoup-predlift/lossy-geom-lossy-attrs,d1,redandblack_vox10_1550,0.187052505572852,65.4201,D1 PSNR (dB)
main,G-PCC trisoup,d1_psnr,trisoup-predlift/lossy-geom-lossy-attrs,d1,redandblack_vox10_1550,0.187052505572852,65.4201,D1 PSNR (dB)
main,G-PCC trisoup,d1_psnr,trisoup-predlift/lossy-geom-lossy-attrs,d1,redandblack_vox10_1550,0.729838416980009,67.8679,D1 PSNR (dB)
main,G-PCC octree,d1_psnr,octree-predlift/lossy-geom-lossy-attrs,d1,redandblack_vox10_1550,0.025635780285103,52.7983,D1 PSNR (dB)
main,G-PCC octree,d1_psnr,octree-predlift/lossy-geom-lossy-attrs,d1,redandblack_vox10_1550,0.087043398958151,58.4353,D1 PSNR (dB)
main,G-PCC octree,d1_psnr,octree-predlift/lossy-geom-lossy-attrs,d1,redandblack_vox10_1550,0.302751385459244,63.212,D1 PSNR (dB)
main,G-PCC octree,d1_psnr,octree-predlift/lossy-geom-lossy-attrs,d1,redandblack_vox10_1550,0.680087265125229,67.9777,D1 PSNR (dB)
main,G-PCC octree,d1_psnr,octree-predlift/lossy-geom-lossy-attrs,d1,redandblack_vox10_1550,0.889016762770047,69.7003,D1 PSNR (dB)
main,G-PCC octree,d1_psnr,octree-predlift/lossy-geom-lossy-attrs,d1,redandblack_vox10_1550,0.9929535918996,70.386,D1 PSNR (dB)
main,c6,d2_psnr,c4-ws,d2,redandblack_vox10_1550,0.193714852096699,73.1625,D2 PSNR (dB)
main,c6,d2_psnr,c4-ws,d2,redandblack_vox10_1550,0.270231532379294,74.6427,D2 PSNR (dB)
main,c6,d2_psnr,c4-ws,d2,redandblack_vox10_1550,0.451930932266584,76.8935,D2 PSNR (dB)
main,c6,d2_psnr,c4-ws,d2,redandblack_vox10_1550,0.60953607737191,77.8478,D2 PSNR (dB)
main,c6,d2_psnr,c4-ws,d2,redandblack_vox10_1550,0.910893754842013,78.8717,D2 PSNR (dB)
main,c5,d2_psnr,c4,d2,redandblack_vox10_1550,0.275479054126286,74.3388,D2 PSNR (dB)
main,c5,d2_psnr,c4,d2,redandblack_vox10_1550,0.361772807120581,75.7114,D2 PSNR (dB)
main,c5,d2_psnr,c4,d2,redandblack_vox10_1550,0.532322543094745,77.291,D2 PSNR (dB)
main,c5,d2_psnr,c4,d2,redandblack_vox10_1550,0.909922382607158,78.887,D2 PSNR (dB)
main,c4,d2_psnr,c3p-a0.75,d2,redandblack_vox10_1550,0.275120068735144,71.5609,D2 PSNR (dB)
main,c4,d2_psnr,c3p-a0.75,d2,redandblack_vox10_1550,0.361677781575867,72.9339,D2 PSNR (dB)
main,c4,d2_psnr,c3p-a0.75,d2,redandblack_vox10_1550,0.532280309519316,74.4214,D2 PSNR (dB)
main,c4,d2_psnr,c3p-a0.75,d2,redandblack_vox10_1550,0.909911824213301,76.0269,D2 PSNR (dB)
main,c3,d2_psnr,c3p,d2,redandblack_vox10_1550,0.223890741740366,68.3442,D2 PSNR (dB)
main,c3,d2_psnr,c3p,d2,redandblack_vox10_1550,0.338533782241045,70.385,D2 PSNR (dB)
main,c3,d2_psnr,c3p,d2,redandblack_vox10_1550,0.437508166257749,71.7493,D2 PSNR (dB)
main,c3,d2_psnr,c3p,d2,redandblack_vox10_1550,0.798679144928473,73.4461,D2 PSNR (dB)
main,c2,d2_psnr,c2,d2,redandblack_vox10_1550,0.109194909270402,62.4534,D2 PSNR (dB)
main,c2,d2_psnr,c2,d2,redandblack_vox10_1550,0.172397454899161,65.5969,D2 PSNR (dB)
main,c2,d2_psnr,c2,d2,redandblack_vox10_1550,0.394482711289959,69.8794,D2 PSNR (dB)
main,c2,d2_psnr,c2,d2,redandblack_vox10_1550,0.544380228879583,71.2823,D2 PSNR (dB)
main,c2,d2_psnr,c2,d2,redandblack_vox10_1550,0.847437807760683,72.5263,D2 PSNR (dB)
main,c1,d2_psnr,c1,d2,redandblack_vox10_1550,0.089376804000576,62.0669,D2 PSNR (dB)
main,c1,d2_psnr,c1,d2,redandblack_vox10_1550,0.155672959029472,65.4584,D2 PSNR (dB)
main,c1,d2_psnr,c1,d2,redandblack_vox10_1550,0.441076903381458,68.9529,D2 PSNR (dB)
main,c1,d2_psnr,c1,d2,redandblack_vox10_1550,0.6895264692335,70.452,D2 PSNR (dB)
main,c1,d2_psnr,c1,d2,redandblack_vox10_1550,1.03293822943654,71.5661,D2 PSNR (dB)
main,G-PCC trisoup,d2_psnr,trisoup-predlift/lossy-geom-lossy-attrs,d2,redandblack_vox10_1550,0.04813571759464,62.1228,D2 PSNR (dB)
main,G-PCC trisoup,d2_psnr,trisoup-predlift/lossy-geom-lossy-attrs,d2,redandblack_vox10_1550,0.187052505572852,68.9389,D2 PSNR (dB)
main,G-PCC trisoup,d2_psnr,trisoup-predlift/lossy-geom-lossy-attrs,d2,redandblack_vox10_1550,0.187052505572852,68.9389,D2 PSNR (dB)
main,G-PCC trisoup,d2_psnr,trisoup-predlift/lossy-geom-lossy-attrs,d2,redandblack_vox10_1550,0.187052505572852,68.9389,D2 PSNR (dB)
main,G-PCC trisoup,d2_psnr,trisoup-predlift/lossy-geom-lossy-attrs,d2,redandblack_vox10_1550,0.729838416980009,71.3154,D2 PSNR (dB)
main,G-PCC octree,d2_psnr,octree-predlift/lossy-geom-lossy-attrs,d2,redandblack_vox10_1550,0.025635780285103,55.6816,D2 PSNR (dB)
main,G-PCC octree,d2_psnr,octree-predlift/lossy-geom-lossy-attrs,d2,redandblack_vox10_1550,0.087043398958151,62.2991,D2 PSNR (dB)
main,G-PCC octree,d2_psnr,octree-predlift/lossy-geom-lossy-attrs,d2,redandblack_vox10_1550,0.302751385459244,68.6287,D2 PSNR (dB)
main,G-PCC octree,d2_psnr,octree-predlift/lossy-geom-lossy-attrs,d2,redandblack_vox10_1550,0.680087265125229,73.2005,D2 PSNR (dB)
main,G-PCC octree,d2_psnr,octree-predlift/lossy-geom-lossy-attrs,d2,redandblack_vox10_1550,0.889016762770047,74.708,D2 PSNR (dB)
main,G-PCC octree,d2_psnr,octree-predlift/lossy-geom-lossy-attrs,d2,redandblack_vox10_1550,0.9929535918996,75.2534,D2 PSNR (dB)
alpha,$\alpha = 0.90$,d1_psnr,c3p,d1,redandblack_vox10_1550,0.223890741740366,66.4853,D1 PSNR (dB)
alpha,$\alpha = 0.90$,d1_psnr,c3p,d1,redandblack_vox10_1550,0.338533782241045,68.0042,D1 PSNR (dB)
alpha,$\alpha = 0.90$,d1_psnr,c3p,d1,redandblack_vox10_1550,0.437508166257749,68.9524,D1 PSNR (dB)
alpha,$\alpha = 0.90$,d1_psnr,c3p,d1,redandblack_vox10_1550,0.798679144928473,70.1204,D1 PSNR (dB)
alpha,$\alpha = 0.75$,d1_psnr,c3p-a0.75,d1,redandblack_vox10_1550,0.275120068735144,68.9835,D1 PSNR (dB)
alpha,$\alpha = 0.75$,d1_psnr,c3p-a0.75,d1,redandblack_vox10_1550,0.361677781575867,70.0342,D1 PSNR (dB)
alpha,$\alpha = 0.75$,d1_psnr,c3p-a0.75,d1,redandblack_vox10_1550,0.532280309519316,71.0816,D1 PSNR (dB)
alpha,$\alpha = 0.75$,d1_psnr,c3p-a0.75,d1,redandblack_vox10_1550,0.909911824213301,72.2432,D1 PSNR (dB)
alpha,$\alpha = 0.50$,d1_psnr,c3p-a0.5,d1,redandblack_vox10_1550,0.24011899309877,64.693,D1 PSNR (dB)
alpha,$\alpha = 0.50$,d1_psnr,c3p-a0.5,d1,redandblack_vox10_1550,0.392054280702819,69.4865,D1 PSNR (dB)
alpha,$\alpha = 0.50$,d1_psnr,c3p-a0.5,d1,redandblack_vox10_1550,0.555434867247994,71.2466,D1 PSNR (dB)
alpha,$\alpha = 0.50$,d1_psnr,c3p-a0.5,d1,redandblack_vox10_1550,1.03615853956296,73.2438,D1 PSNR (dB)
alpha,$\alpha = 0.25$,d1_psnr,c3p-a0.25,d1,redandblack_vox10_1550,0.362469661115151,58.6337,D1 PSNR (dB)
alpha,$\alpha = 0.25$,d1_psnr,c3p-a0.25,d1,redandblack_vox10_1550,0.462109223944854,63.2725,D1 PSNR (dB)
alpha,$\alpha = 0.25$,d1_psnr,c3p-a0.25,d1,redandblack_vox10_1550,0.878384460155921,67.1166,D1 PSNR (dB)
alpha,G-PCC trisoup,d1_psnr,trisoup-predlift/lossy-geom-lossy-attrs,d1,redandblack_vox10_1550,0.04813571759464,59.0333,D1 PSNR (dB)
alpha,G-PCC trisoup,d1_psnr,trisoup-predlift/lossy-geom-lossy-attrs,d1,redandblack_vox10_1550,0.187052505572852,65.4201,D1 PSNR (dB)
alpha,G-PCC trisoup,d1_psnr,trisoup-predlift/lossy-geom-lossy-attrs,d1,redandblack_vox10_1550,0.187052505572852,65.4201,D1 PSNR (dB)
alpha,G-PCC trisoup,d1_psnr,trisoup-predlift/lossy-geom-lossy-attrs,d1,redandblack_vox10_1550,0.187052505572852,65.4201,D1 PSNR (dB)
alpha,G-PCC trisoup,d1_psnr,trisoup-predlift/lossy-geom-lossy-attrs,d1,redandblack_vox10_1550,0.729838416980009,67.8679,D1 PSNR (dB)
alpha,$\alpha = 0.90$,d2_psnr,c3p,d2,redandblack_vox10_1550,0.223890741740366,68.3442,D2 PSNR (dB)
alpha,$\alpha = 0.90$,d2_psnr,c3p,d2,redandblack_vox10_1550,0.338533782241045,70.385,D2 PSNR (dB)
alpha,$\alpha = 0.90$,d2_psnr,c3p,d2,redandblack_vox10_1550,0.437508166257749,71.7493,D2 PSNR (dB)
alpha,$\alpha = 0.90$,d2_psnr,c3p,d2,redandblack_vox10_1550,0.798679144928473,73.4461,D2 PSNR (dB)
alpha,$\alpha = 0.75$,d2_psnr,c3p-a0.75,d2,redandblack_vox10_1550,0.275120068735144,71.5609,D2 PSNR (dB)
alpha,$\alpha = 0.75$,d2_psnr,c3p-a0.75,d2,redandblack_vox10_1550,0.361677781575867,72.9339,D2 PSNR (dB)
alpha,$\alpha = 0.75$,d2_psnr,c3p-a0.75,d2,redandblack_vox10_1550,0.532280309519316,74.4214,D2 PSNR (dB)
alpha,$\alpha = 0.75$,d2_psnr,c3p-a0.75,d2,redandblack_vox10_1550,0.909911824213301,76.0269,D2 PSNR (dB)
alpha,$\alpha = 0.50$,d2_psnr,c3p-a0.5,d2,redandblack_vox10_1550,0.24011899309877,72.1474,D2 PSNR (dB)
alpha,$\alpha = 0.50$,d2_psnr,c3p-a0.5,d2,redandblack_vox10_1550,0.392054280702819,75.8711,D2 PSNR (dB)
alpha,$\alpha = 0.50$,d2_psnr,c3p-a0.5,d2,redandblack_vox10_1550,0.555434867247994,77.3883,D2 PSNR (dB)
alpha,$\alpha = 0.50$,d2_psnr,c3p-a0.5,d2,redandblack_vox10_1550,1.03615853956296,79.0986,D2 PSNR (dB)
alpha,$\alpha = 0.25$,d2_psnr,c3p-a0.25,d2,redandblack_vox10_1550,0.362469661115151,70.3624,D2 PSNR (dB)
alpha,$\alpha = 0.25$,d2_psnr,c3p-a0.25,d2,redandblack_vox10_1550,0.462109223944854,72.1273,D2 PSNR (dB)
alpha,$\alpha = 0.25$,d2_psnr,c3p-a0.25,d2,redandblack_vox10_1550,0.878384460155921,75.175,D2 PSNR (dB)
alpha,G-PCC trisoup,d2_psnr,trisoup-predlift/lossy-geom-lossy-attrs,d2,redandblack_vox10_1550,0.04813571759464,62.1228,D2 PSNR (dB)
alpha,G-PCC trisoup,d2_psnr,trisoup-predlift/lossy-geom-lossy-attrs,d2,redandblack_vox10_1550,0.187052505572852,68.9389,D2 PSNR (dB)
alpha,G-PCC trisoup,d2_psnr,trisoup-predlift/lossy-geom-lossy-attrs,d2,redandblack_vox10_1550,0.187052505572852,68.9389,D2 PSNR (dB)
alpha,G-PCC trisoup,d2_psnr,trisoup-predlift/lossy-geom-lossy-attrs,d2,redandblack_vox10_1550,0.187052505572852,68.9389,D2 PSNR (dB)
alpha,G-PCC trisoup,d2_psnr,trisoup-predlift/lossy-geom-lossy-attrs,d2,redandblack_vox10_1550,0.729838416980009,71.3154,D2 PSNR (dB)
main,c6,d1_psnr,c4-ws,d1,longdress_vox10_1300,0.189974894110023,69.9089,D1 PSNR (dB)
main,c6,d1_psnr,c4-ws,d1,longdress_vox10_1300,0.265306550609232,71.4058,D1 PSNR (dB)
main,c6,d1_psnr,c4-ws,d1,longdress_vox10_1300,0.440576899317689,73.1141,D1 PSNR (dB)
main,c6,d1_psnr,c4-ws,d1,longdress_vox10_1300,0.592816032336946,73.8772,D1 PSNR (dB)
main,c6,d1_psnr,c4-ws,d1,longdress_vox10_1300,0.884855577027528,74.7991,D1 PSNR (dB)
main,c5,d1_psnr,c4,d1,longdress_vox10_1300,0.271171584887979,70.9087,D1 PSNR (dB)
main,c5,d1_psnr,c4,d1,longdress_vox10_1300,0.35591153961812,72.2426,D1 PSNR (dB)
main,c5,d1_psnr,c4,d1,longdress_vox10_1300,0.521792238853288,73.5248,D1 PSNR (dB)
main,c5,d1_psnr,c4,d1,longdress_vox10_1300,0.884734360102848,74.7502,D1 PSNR (dB)
main,c4,d1_psnr,c3p-a0.75,d1,longdress_vox10_1300,0.270882529144512,69.572,D1 PSNR (dB)
main,c4,d1_psnr,c3p-a0.75,d1,longdress_vox10_1300,0.355827620208726,70.6627,D1 PSNR (dB)
main,c4,d1_psnr,c3p-a0.75,d1,longdress_vox10_1300,0.521792238853288,71.773,D1 PSNR (dB)
main,c4,d1_psnr,c3p-a0.75,d1,longdress_vox10_1300,0.884734360102848,72.9371,D1 PSNR (dB)
main,c3,d1_psnr,c3p,d1,longdress_vox10_1300,0.217920057438174,66.903,D1 PSNR (dB)
main,c3,d1_psnr,c3p,d1,longdress_vox10_1300,0.331798695985622,68.6263,D1 PSNR (dB)
main,c3,d1_psnr,c3p,d1,longdress_vox10_1300,0.42894939892723,69.605,D1 PSNR (dB)
main,c3,d1_psnr,c3p,d1,longdress_vox10_1300,0.78018942475576,70.7659,D1 PSNR (dB)
main,c2,d1_psnr,c2,d1,longdress_vox10_1300,0.108134821193381,61.5121,D1 PSNR (dB)
main,c2,d1_psnr,c2,d1,longdress_vox10_1300,0.16910693430742,64.4732,D1 PSNR (dB)
main,c2,d1_psnr,c2,d1,longdress_vox10_1300,0.388929165025187,67.9315,D1 PSNR (dB)
main,c2,d1_psnr,c2,d1,longdress_vox10_1300,0.540506267148115,68.8462,D1 PSNR (dB)
main,c2,d1_psnr,c2,d1,longdress_vox10_1300,0.830830126135534,69.5943,D1 PSNR (dB)
main,c1,d1_psnr,c1,d1,longdress_vox10_1300,0.08722023949667,61.1525,D1 PSNR (dB)
main,c1,d1_psnr,c1,d1,longdress_vox10_1300,0.155931587032586,64.3377,D1 PSNR (dB)
main,c1,d1_psnr,c1,d1,longdress_vox10_1300,0.434730513796584,67.2342,D1 PSNR (dB)
main,c1,d1_psnr,c1,d1,longdress_vox10_1300,0.674376373888942,68.3218,D1 PSNR (dB)
main,c1,d1_psnr,c1,d1,longdress_vox10_1300,1.00230545266363,69.0388,D1 PSNR (dB)
main,G-PCC trisoup,d1_psnr,trisoup-predlift/lossy-geom-lossy-attrs,d1,longdress_vox10_1300,0.047619602641597,59.8186,D1 PSNR (dB)
main,G-PCC trisoup,d1_psnr,trisoup-predlift/lossy-geom-lossy-attrs,d1,longdress_vox10_1300,0.186105276899085,65.995,D1 PSNR (dB)
main,G-PCC trisoup,d1_psnr,trisoup-predlift/lossy-geom-lossy-attrs,d1,longdress_vox10_1300,0.186105276899085,65.995,D1 PSNR (dB)
main,G-PCC trisoup,d1_psnr,trisoup-predlift/lossy-geom-lossy-attrs,d1,longdress_vox10_1300,0.186105276899085,65.995,D1 PSNR (dB)
main,G-PCC trisoup,d1_psnr,trisoup-predlift/lossy-geom-lossy-attrs,d1,longdress_vox10_1300,0.725222211602791,67.904,D1 PSNR (dB)
main,G-PCC octree,d1_psnr,octree-predlift/lossy-geom-lossy-attrs,d1,longdress_vox10_1300,0.024308655587751,52.7771,D1 PSNR (dB)
main,G-PCC octree,d1_psnr,octree-predlift/lossy-geom-lossy-attrs,d1,longdress_vox10_1300,0.083201432224587,58.4415,D1 PSNR (dB)
main,G-PCC octree,d1_psnr,octree-predlift/lossy-geom-lossy-attrs,d1,longdress_vox10_1300,0.283106789779548,63.2122,D1 PSNR (dB)
main,G-PCC octree,d1_psnr,octree-predlift/lossy-geom-lossy-attrs,d1,longdress_vox10_1300,0.636911019784001,67.984,D1 PSNR (dB)
main,G-PCC octree,d1_psnr,octree-predlift/lossy-geom-lossy-attrs,d1,longdress_vox10_1300,0.824918469962679,69.6791,D1 PSNR (dB)
main,G-PCC octree,d1_psnr,octree-predlift/lossy-geom-lossy-attrs,d1,longdress_vox10_1300,0.921351195735029,70.385,D1 PSNR (dB)
main,c6,d2_psnr,c4-ws,d2,longdress_vox10_1300,0.189965569731201,73.6313,D2 PSNR (dB)
main,c6,d2_psnr,c4-ws,d2,longdress_vox10_1300,0.26529722623041,75.353,D2 PSNR (dB)
main,c6,d2_psnr,c4-ws,d2,longdress_vox10_1300,0.440548926181224,77.3851,D2 PSNR (dB)
main,c6,d2_psnr,c4-ws,d2,longdress_vox10_1300,0.592816032336946,78.4013,D2 PSNR (dB)
main,c6,d2_psnr,c4-ws,d2,longdress_vox10_1300,0.884855577027528,79.5733,D2 PSNR (dB)
main,c5,d2_psnr,c4,d2,longdress_vox10_1300,0.271162260509158,75.0431,D2 PSNR (dB)
main,c5,d2_psnr,c4,d2,longdress_vox10_1300,0.355939512754585,76.5044,D2 PSNR (dB)
main,c5,d2_psnr,c4,d2,longdress_vox10_1300,0.521792238853288,77.9413,D2 PSNR (dB)
main,c5,d2_psnr,c4,d2,longdress_vox10_1300,0.884734360102848,79.5428,D2 PSNR (dB)
main,c4,d2_psnr,c3p-a0.75,d2,longdress_vox10_1300,0.270882529144512,72.3183,D2 PSNR (dB)
main,c4,d2_psnr,c3p-a0.75,d2,longdress_vox10_1300,0.355827620208726,73.7807,D2 PSNR (dB)
main,c4,d2_psnr,c3p-a0.75,d2,longdress_vox10_1300,0.521792238853288,75.3914,D2 PSNR (dB)
main,c4,d2_psnr,c3p-a0.75,d2,longdress_vox10_1300,0.884734360102848,77.0056,D2 PSNR (dB)
main,c3,d2_psnr,c3p,d2,longdress_vox10_1300,0.217920057438174,68.7448,D2 PSNR (dB)
main,c3,d2_psnr,c3p,d2,longdress_vox10_1300,0.331798695985622,71.1632,D2 PSNR (dB)
main,c3,d2_psnr,c3p,d2,longdress_vox10_1300,0.42894939892723,72.6303,D2 PSNR (dB)
main,c3,d2_psnr,c3p,d2,longdress_vox10_1300,0.78018942475576,74.3642,D2 PSNR (dB)
main,c2,d2_psnr,c2,d2,longdress_vox10_1300,0.108134821193381,62.2833,D2 PSNR (dB)
main,c2,d2_psnr,c2,d2,longdress_vox10_1300,0.16910693430742,65.7419,D2 PSNR (dB)
main,c2,d2_psnr,c2,d2,longdress_vox10_1300,0.388929165025187,70.3997,D2 PSNR (dB)
main,c2,d2_psnr,c2,d2,longdress_vox10_1300,0.540506267148115,71.8093,D2 PSNR (dB)
main,c2,d2_psnr,c2,d2,longdress_vox10_1300,0.830830126135534,72.9619,D2 PSNR (dB)
main,c1,d2_psnr,c1,d2,longdress_vox10_1300,0.08722023949667,61.8811,D2 PSNR (dB)
main,c1,d2_psnr,c1,d2,longdress_vox10_1300,0.155931587032586,65.554,D2 PSNR (dB)
main,c1,d2_psnr,c1,d2,longdress_vox10_1300,0.434730513796584,69.3689,D2 PSNR (dB)
main,c1,d2_psnr,c1,d2,longdress_vox10_1300,0.674376373888942,70.956,D2 PSNR (dB)
main,c1,d2_psnr,c1,d2,longdress_vox10_1300,1.00230545266363,72.072,D2 PSNR (dB)
main,G-PCC trisoup,d2_psnr,trisoup-predlift/lossy-geom-lossy-attrs,d2,longdress_vox10_1300,0.047619602641597,61.9212,D2 PSNR (dB)
main,G-PCC trisoup,d2_psnr,trisoup-predlift/lossy-geom-lossy-attrs,d2,longdress_vox10_1300,0.186105276899085,69.0231,D2 PSNR (dB)
main,G-PCC trisoup,d2_psnr,trisoup-predlift/lossy-geom-lossy-attrs,d2,longdress_vox10_1300,0.186105276899085,69.0231,D2 PSNR (dB)
main,G-PCC trisoup,d2_psnr,trisoup-predlift/lossy-geom-lossy-attrs,d2,longdress_vox10_1300,0.186105276899085,69.0231,D2 PSNR (dB)
main,G-PCC trisoup,d2_psnr,trisoup-predlift/lossy-geom-lossy-attrs,d2,longdress_vox10_1300,0.725222211602791,71.2027,D2 PSNR (dB)
main,G-PCC octree,d2_psnr,octree-predlift/lossy-geom-lossy-attrs,d2,longdress_vox10_1300,0.024308655587751,55.6587,D2 PSNR (dB)
main,G-PCC octree,d2_psnr,octree-predlift/lossy-geom-lossy-attrs,d2,longdress_vox10_1300,0.083201432224587,62.2689,D2 PSNR (dB)
main,G-PCC octree,d2_psnr,octree-predlift/lossy-geom-lossy-attrs,d2,longdress_vox10_1300,0.283106789779548,68.5649,D2 PSNR (dB)
main,G-PCC octree,d2_psnr,octree-predlift/lossy-geom-lossy-attrs,d2,longdress_vox10_1300,0.636911019784001,73.217,D2 PSNR (dB)
main,G-PCC octree,d2_psnr,octree-predlift/lossy-geom-lossy-attrs,d2,longdress_vox10_1300,0.824918469962679,74.6368,D2 PSNR (dB)
main,G-PCC octree,d2_psnr,octree-predlift/lossy-geom-lossy-attrs,d2,longdress_vox10_1300,0.921351195735029,75.1939,D2 PSNR (dB)
alpha,$\alpha = 0.90$,d1_psnr,c3p,d1,longdress_vox10_1300,0.217920057438174,66.903,D1 PSNR (dB)
alpha,$\alpha = 0.90$,d1_psnr,c3p,d1,longdress_vox10_1300,0.331798695985622,68.6263,D1 PSNR (dB)
alpha,$\alpha = 0.90$,d1_psnr,c3p,d1,longdress_vox10_1300,0.42894939892723,69.605,D1 PSNR (dB)
alpha,$\alpha = 0.90$,d1_psnr,c3p,d1,longdress_vox10_1300,0.78018942475576,70.7659,D1 PSNR (dB)
alpha,$\alpha = 0.75$,d1_psnr,c3p-a0.75,d1,longdress_vox10_1300,0.270882529144512,69.572,D1 PSNR (dB)
alpha,$\alpha = 0.75$,d1_psnr,c3p-a0.75,d1,longdress_vox10_1300,0.355827620208726,70.6627,D1 PSNR (dB)
alpha,$\alpha = 0.75$,d1_psnr,c3p-a0.75,d1,longdress_vox10_1300,0.521792238853288,71.773,D1 PSNR (dB)
alpha,$\alpha = 0.75$,d1_psnr,c3p-a0.75,d1,longdress_vox10_1300,0.884734360102848,72.9371,D1 PSNR (dB)
alpha,$\alpha = 0.50$,d1_psnr,c3p-a0.5,d1,longdress_vox10_1300,0.235748269744955,66.5081,D1 PSNR (dB)
alpha,$\alpha = 0.50$,d1_psnr,c3p-a0.5,d1,longdress_vox10_1300,0.384705221419031,71.0948,D1 PSNR (dB)
alpha,$\alpha = 0.50$,d1_psnr,c3p-a0.5,d1,longdress_vox10_1300,0.549289831998005,72.859,D1 PSNR (dB)
alpha,$\alpha = 0.50$,d1_psnr,c3p-a0.5,d1,longdress_vox10_1300,1.00707021024143,74.2964,D1 PSNR (dB)
alpha,$\alpha = 0.25$,d1_psnr,c3p-a0.25,d1,longdress_vox10_1300,0.357198303895492,64.2552,D1 PSNR (dB)
alpha,$\alpha = 0.25$,d1_psnr,c3p-a0.25,d1,longdress_vox10_1300,0.455682393008581,67.0534,D1 PSNR (dB)
alpha,$\alpha = 0.25$,d1_psnr,c3p-a0.25,d1,longdress_vox10_1300,0.8606867871221,69.9604,D1 PSNR (dB)
alpha,G-PCC trisoup,d1_psnr,trisoup-predlift/lossy-geom-lossy-attrs,d1,longdress_vox10_1300,0.047619602641597,59.8186,D1 PSNR (dB)
alpha,G-PCC trisoup,d1_psnr,trisoup-predlift/lossy-geom-lossy-attrs,d1,longdress_vox10_1300,0.186105276899085,65.995,D1 PSNR (dB)
alpha,G-PCC trisoup,d1_psnr,trisoup-predlift/lossy-geom-lossy-attrs,d1,longdress_vox10_1300,0.186105276899085,65.995,D1 PSNR (dB)
alpha,G-PCC trisoup,d1_psnr,trisoup-predlift/lossy-geom-lossy-attrs,d1,longdress_vox10_1300,0.186105276899085,65.995,D1 PSNR (dB)
alpha,G-PCC trisoup,d1_psnr,trisoup-predlift/lossy-geom-lossy-attrs,d1,longdress_vox10_1300,0.725222211602791,67.904,D1 PSNR (dB)
alpha,$\alpha = 0.90$,d2_psnr,c3p,d2,longdress_vox10_1300,0.217920057438174,68.7448,D2 PSNR (dB)
alpha,$\alpha = 0.90$,d2_psnr,c3p,d2,longdress_vox10_1300,0.331798695985622,71.1632,D2 PSNR (dB)
alpha,$\alpha = 0.90$,d2_psnr,c3p,d2,longdress_vox10_1300,0.42894939892723,72.6303,D2 PSNR (dB)
alpha,$\alpha = 0.90$,d2_psnr,c3p,d2,longdress_vox10_1300,0.78018942475576,74.3642,D2 PSNR (dB)
alpha,$\alpha = 0.75$,d2_psnr,c3p-a0.75,d2,longdress_vox10_1300,0.270882529144512,72.3183,D2 PSNR (dB)
alpha,$\alpha = 0.75$,d2_psnr,c3p-a0.75,d2,longdress_vox10_1300,0.355827620208726,73.7807,D2 PSNR (dB)
alpha,$\alpha = 0.75$,d2_psnr,c3p-a0.75,d2,longdress_vox10_1300,0.521792238853288,75.3914,D2 PSNR (dB)
alpha,$\alpha = 0.75$,d2_psnr,c3p-a0.75,d2,longdress_vox10_1300,0.884734360102848,77.0056,D2 PSNR (dB)
alpha,$\alpha = 0.50$,d2_psnr,c3p-a0.5,d2,longdress_vox10_1300,0.235748269744955,73.5353,D2 PSNR (dB)
alpha,$\alpha = 0.50$,d2_psnr,c3p-a0.5,d2,longdress_vox10_1300,0.384705221419031,76.7724,D2 PSNR (dB)
alpha,$\alpha = 0.50$,d2_psnr,c3p-a0.5,d2,longdress_vox10_1300,0.549289831998005,78.4086,D2 PSNR (dB)
alpha,$\alpha = 0.50$,d2_psnr,c3p-a0.5,d2,longdress_vox10_1300,1.00707021024143,79.9036,D2 PSNR (dB)
alpha,$\alpha = 0.25$,d2_psnr,c3p-a0.25,d2,longdress_vox10_1300,0.357198303895492,72.9904,D2 PSNR (dB)
alpha,$\alpha = 0.25$,d2_psnr,c3p-a0.25,d2,longdress_vox10_1300,0.455682393008581,74.4716,D2 PSNR (dB)
alpha,$\alpha = 0.25$,d2_psnr,c3p-a0.25,d2,longdress_vox10_1300,0.8606867871221,76.429,D2 PSNR (dB)
alpha,G-PCC trisoup,d2_psnr,trisoup-predlift/lossy-geom-lossy-attrs,d2,longdress_vox10_1300,0.047619602641597,61.9212,D2 PSNR (dB)
alpha,G-PCC trisoup,d2_psnr,trisoup-predlift/lossy-geom-lossy-attrs,d2,longdress_vox10_1300,0.186105276899085,69.0231,D2 PSNR (dB)
alpha,G-PCC trisoup,d2_psnr,trisoup-predlift/lossy-geom-lossy-attrs,d2,longdress_vox10_1300,0.186105276899085,69.0231,D2 PSNR (dB)
alpha,G-PCC trisoup,d2_psnr,trisoup-predlift/lossy-geom-lossy-attrs,d2,longdress_vox10_1300,0.186105276899085,69.0231,D2 PSNR (dB)
alpha,G-PCC trisoup,d2_psnr,trisoup-predlift/lossy-geom-lossy-attrs,d2,longdress_vox10_1300,0.725222211602791,71.2027,D2 PSNR (dB)
main,c6,d1_psnr,c4-ws,d1,soldier_vox10_0690,0.193967262607073,69.3417,D1 PSNR (dB)
main,c6,d1_psnr,c4-ws,d1,soldier_vox10_0690,0.273321513078338,71.3099,D1 PSNR (dB)
main,c6,d1_psnr,c4-ws,d1,soldier_vox10_0690,0.457240028611016,73.1495,D1 PSNR (dB)
main,c6,d1_psnr,c4-ws,d1,soldier_vox10_0690,0.615772235745222,74.0386,D1 PSNR (dB)
main,c6,d1_psnr,c4-ws,d1,soldier_vox10_0690,0.918424631183253,74.9314,D1 PSNR (dB)
main,c5,d1_psnr,c4,d1,soldier_vox10_0690,0.271433700214215,70.7627,D1 PSNR (dB)
main,c5,d1_psnr,c4,d1,soldier_vox10_0690,0.363407649131248,72.329,D1 PSNR (dB)
main,c5,d1_psnr,c4,d1,soldier_vox10_0690,0.533398953806431,73.68,D1 PSNR (dB)
main,c5,d1_psnr,c4,d1,soldier_vox10_0690,0.915089739975815,74.9079,D1 PSNR (dB)
main,c4,d1_psnr,c3p-a0.75,d1,soldier_vox10_0690,0.271220678529159,69.5558,D1 PSNR (dB)
main,c4,d1_psnr,c3p-a0.75,d1,soldier_vox10_0690,0.363275428775006,70.6862,D1 PSNR (dB)
main,c4,d1_psnr,c3p-a0.75,d1,soldier_vox10_0690,0.533398953806431,71.7868,D1 PSNR (dB)
main,c4,d1_psnr,c3p-a0.75,d1,soldier_vox10_0690,0.915089739975815,72.9345,D1 PSNR (dB)
main,c3,d1_psnr,c3p,d1,soldier_vox10_0690,0.218949564361472,67.116,D1 PSNR (dB)
main,c3,d1_psnr,c3p,d1,soldier_vox10_0690,0.331175264509577,68.6208,D1 PSNR (dB)
main,c3,d1_psnr,c3p,d1,soldier_vox10_0690,0.43635655790012,69.606,D1 PSNR (dB)
main,c3,d1_psnr,c3p,d1,soldier_vox10_0690,0.80398056728042,70.7812,D1 PSNR (dB)
main,c2,d1_psnr,c2,d1,soldier_vox10_0690,0.108648404954223,61.6187,D1 PSNR (dB)
main,c2,d1_psnr,c2,d1,soldier_vox10_0690,0.171291471511563,64.4218,D1 PSNR (dB)
main,c2,d1_psnr,c2,d1,soldier_vox10_0690,0.391137196065343,67.7974,D1 PSNR (dB)
main,c2,d1_psnr,c2,d1,soldier_vox10_0690,0.551285429775841,68.7834,D1 PSNR (dB)
main,c2,d1_psnr,c2,d1,soldier_vox10_0690,0.859424969997916,69.5817,D1 PSNR (dB)
main,c1,d1_psnr,c1,d1,soldier_vox10_0690,0.087015685557956,61.2435,D1 PSNR (dB)
main,c1,d1_psnr,c1,d1,soldier_vox10_0690,0.155689469475003,64.3003,D1 PSNR (dB)
main,c1,d1_psnr,c1,d1,soldier_vox10_0690,0.437965238901065,67.128,D1 PSNR (dB)
main,c1,d1_psnr,c1,d1,soldier_vox10_0690,0.682007288647138,68.2499,D1 PSNR (dB)
main,c1,d1_psnr,c1,d1,soldier_vox10_0690,1.02047670947607,69.0261,D1 PSNR (dB)
main,G-PCC trisoup,d1_psnr,trisoup-predlift/lossy-geom-lossy-attrs,d1,soldier_vox10_0690,0.048671782247765,60.4595,D1 PSNR (dB)
main,G-PCC trisoup,d1_psnr,trisoup-predlift/lossy-geom-lossy-attrs,d1,soldier_vox10_0690,0.187672104534883,65.8717,D1 PSNR (dB)
main,G-PCC trisoup,d1_psnr,trisoup-predlift/lossy-geom-lossy-attrs,d1,soldier_vox10_0690,0.187672104534883,65.8717,D1 PSNR (dB)
main,G-PCC trisoup,d1_psnr,trisoup-predlift/lossy-geom-lossy-attrs,d1,soldier_vox10_0690,0.187672104534883,65.8717,D1 PSNR (dB)
main,G-PCC trisoup,d1_psnr,trisoup-predlift/lossy-geom-lossy-attrs,d1,soldier_vox10_0690,0.726161542056633,67.952,D1 PSNR (dB)
main,G-PCC octree,d1_psnr,octree-predlift/lossy-geom-lossy-attrs,d1,soldier_vox10_0690,0.024703169891221,52.7993,D1 PSNR (dB)
main,G-PCC octree,d1_psnr,octree-predlift/lossy-geom-lossy-attrs,d1,soldier_vox10_0690,0.085495151461173,58.4312,D1 PSNR (dB)
main,G-PCC octree,d1_psnr,octree-predlift/lossy-geom-lossy-attrs,d1,soldier_vox10_0690,0.289613999197496,63.2093,D1 PSNR (dB)
main,G-PCC octree,d1_psnr,octree-predlift/lossy-geom-lossy-attrs,d1,soldier_vox10_0690,0.647203952654094,67.9736,D1 PSNR (dB)
main,G-PCC octree,d1_psnr,octree-predlift/lossy-geom-lossy-attrs,d1,soldier_vox10_0690,0.839165873191496,69.7013,D1 PSNR (dB)
main,G-PCC octree,d1_psnr,octree-predlift/lossy-geom-lossy-attrs,d1,soldier_vox10_0690,0.935282726604113,70.4249,D1 PSNR (dB)
main,c6,d2_psnr,c4-ws,d2,soldier_vox10_0690,0.193937880305686,73.5419,D2 PSNR (dB)
main,c6,d2_psnr,c4-ws,d2,soldier_vox10_0690,0.273314167502991,75.3152,D2 PSNR (dB)
main,c6,d2_psnr,c4-ws,d2,soldier_vox10_0690,0.457269410912403,77.5,D2 PSNR (dB)
main,c6,d2_psnr,c4-ws,d2,soldier_vox10_0690,0.615772235745222,78.6429,D2 PSNR (dB)
main,c6,d2_psnr,c4-ws,d2,soldier_vox10_0690,0.918424631183253,79.6957,D2 PSNR (dB)
main,c5,d2_psnr,c4,d2,soldier_vox10_0690,0.271433700214215,74.9531,D2 PSNR (dB)
main,c5,d2_psnr,c4,d2,soldier_vox10_0690,0.363422340281942,76.5603,D2 PSNR (dB)
main,c5,d2_psnr,c4,d2,soldier_vox10_0690,0.533398953806431,78.1807,D2 PSNR (dB)
main,c5,d2_psnr,c4,d2,soldier_vox10_0690,0.915089739975815,79.6913,D2 PSNR (dB)
main,c4,d2_psnr,c3p-a0.75,d2,soldier_vox10_0690,0.271220678529159,72.3625,D2 PSNR (dB)
main,c4,d2_psnr,c3p-a0.75,d2,soldier_vox10_0690,0.363275428775006,73.892,D2 PSNR (dB)
main,c4,d2_psnr,c3p-a0.75,d2,soldier_vox10_0690,0.533398953806431,75.4958,D2 PSNR (dB)
main,c4,d2_psnr,c3p-a0.75,d2,soldier_vox10_0690,0.915089739975815,77.061,D2 PSNR (dB)
main,c3,d2_psnr,c3p,d2,soldier_vox10_0690,0.218949564361472,69.0484,D2 PSNR (dB)
main,c3,d2_psnr,c3p,d2,soldier_vox10_0690,0.331175264509577,71.1733,D2 PSNR (dB)
main,c3,d2_psnr,c3p,d2,soldier_vox10_0690,0.43635655790012,72.658,D2 PSNR (dB)
main,c3,d2_psnr,c3p,d2,soldier_vox10_0690,0.80398056728042,74.4455,D2 PSNR (dB)
main,c2,d2_psnr,c2,d2,soldier_vox10_0690,0.108648404954223,62.4078,D2 PSNR (dB)
main,c2,d2_psnr,c2,d2,soldier_vox10_0690,0.171291471511563,65.6886,D2 PSNR (dB)
main,c2,d2_psnr,c2,d2,soldier_vox10_0690,0.391137196065343,70.2142,D2 PSNR (dB)
main,c2,d2_psnr,c2,d2,soldier_vox10_0690,0.551285429775841,71.7475,D2 PSNR (dB)
main,c2,d2_psnr,c2,d2,soldier_vox10_0690,0.859424969997916,72.9656,D2 PSNR (dB)
main,c1,d2_psnr,c1,d2,soldier_vox10_0690,0.087015685557956,61.9842,D2 PSNR (dB)
main,c1,d2_psnr,c1,d2,soldier_vox10_0690,0.155689469475003,65.5277,D2 PSNR (dB)
main,c1,d2_psnr,c1,d2,soldier_vox10_0690,0.437965238901065,69.2357,D2 PSNR (dB)
main,c1,d2_psnr,c1,d2,soldier_vox10_0690,0.682007288647138,70.8801,D2 PSNR (dB)
main,c1,d2_psnr,c1,d2,soldier_vox10_0690,1.02047670947607,72.0905,D2 PSNR (dB)
main,G-PCC trisoup,d2_psnr,trisoup-predlift/lossy-geom-lossy-attrs,d2,soldier_vox10_0690,0.048671782247765,62.6025,D2 PSNR (dB)
main,G-PCC trisoup,d2_psnr,trisoup-predlift/lossy-geom-lossy-attrs,d2,soldier_vox10_0690,0.187672104534883,69.0278,D2 PSNR (dB)
main,G-PCC trisoup,d2_psnr,trisoup-predlift/lossy-geom-lossy-attrs,d2,soldier_vox10_0690,0.187672104534883,69.0278,D2 PSNR (dB)
main,G-PCC trisoup,d2_psnr,trisoup-predlift/lossy-geom-lossy-attrs,d2,soldier_vox10_0690,0.187672104534883,69.0278,D2 PSNR (dB)
main,G-PCC trisoup,d2_psnr,trisoup-predlift/lossy-geom-lossy-attrs,d2,soldier_vox10_0690,0.726161542056633,71.3322,D2 PSNR (dB)
main,G-PCC octree,d2_psnr,octree-predlift/lossy-geom-lossy-attrs,d2,soldier_vox10_0690,0.024703169891221,55.5761,D2 PSNR (dB)
main,G-PCC octree,d2_psnr,octree-predlift/lossy-geom-lossy-attrs,d2,soldier_vox10_0690,0.085495151461173,62.1982,D2 PSNR (dB)
main,G-PCC octree,d2_psnr,octree-predlift/lossy-geom-lossy-attrs,d2,soldier_vox10_0690,0.289613999197496,68.6204,D2 PSNR (dB)
main,G-PCC octree,d2_psnr,octree-predlift/lossy-geom-lossy-attrs,d2,soldier_vox10_0690,0.647203952654094,73.2034,D2 PSNR (dB)
main,G-PCC octree,d2_psnr,octree-predlift/lossy-geom-lossy-attrs,d2,soldier_vox10_0690,0.839165873191496,74.7071,D2 PSNR (dB)
main,G-PCC octree,d2_psnr,octree-predlift/lossy-geom-lossy-attrs,d2,soldier_vox10_0690,0.935282726604113,75.3307,D2 PSNR (dB)
alpha,$\alpha = 0.90$,d1_psnr,c3p,d1,soldier_vox10_0690,0.218949564361472,67.116,D1 PSNR (dB)
alpha,$\alpha = 0.90$,d1_psnr,c3p,d1,soldier_vox10_0690,0.331175264509577,68.6208,D1 PSNR (dB)
alpha,$\alpha = 0.90$,d1_psnr,c3p,d1,soldier_vox10_0690,0.43635655790012,69.606,D1 PSNR (dB)
alpha,$\alpha = 0.90$,d1_psnr,c3p,d1,soldier_vox10_0690,0.80398056728042,70.7812,D1 PSNR (dB)
alpha,$\alpha = 0.75$,d1_psnr,c3p-a0.75,d1,soldier_vox10_0690,0.271220678529159,69.5558,D1 PSNR (dB)
alpha,$\alpha = 0.75$,d1_psnr,c3p-a0.75,d1,soldier_vox10_0690,0.363275428775006,70.6862,D1 PSNR (dB)
alpha,$\alpha = 0.75$,d1_psnr,c3p-a0.75,d1,soldier_vox10_0690,0.533398953806431,71.7868,D1 PSNR (dB)
alpha,$\alpha = 0.75$,d1_psnr,c3p-a0.75,d1,soldier_vox10_0690,0.915089739975815,72.9345,D1 PSNR (dB)
alpha,$\alpha = 0.50$,d1_psnr,c3p-a0.5,d1,soldier_vox10_0690,0.238474103633213,67.9483,D1 PSNR (dB)
alpha,$\alpha = 0.50$,d1_psnr,c3p-a0.5,d1,soldier_vox10_0690,0.394530851875555,72.0458,D1 PSNR (dB)
alpha,$\alpha = 0.50$,d1_psnr,c3p-a0.5,d1,soldier_vox10_0690,0.559027666191347,73.3025,D1 PSNR (dB)
alpha,$\alpha = 0.50$,d1_psnr,c3p-a0.5,d1,soldier_vox10_0690,1.04733947851924,74.6015,D1 PSNR (dB)
alpha,$\alpha = 0.25$,d1_psnr,c3p-a0.25,d1,soldier_vox10_0690,0.364325846049595,66.6525,D1 PSNR (dB)
alpha,$\alpha = 0.25$,d1_psnr,c3p-a0.25,d1,soldier_vox10_0690,0.468655052699912,69.0794,D1 PSNR (dB)
alpha,$\alpha = 0.25$,d1_psnr,c3p-a0.25,d1,soldier_vox10_0690,0.882967538984346,71.2108,D1 PSNR (dB)
alpha,G-PCC trisoup,d1_psnr,trisoup-predlift/lossy-geom-lossy-attrs,d1,soldier_vox10_0690,0.048671782247765,60.4595,D1 PSNR (dB)
alpha,G-PCC trisoup,d1_psnr,trisoup-predlift/lossy-geom-lossy-attrs,d1,soldier_vox10_0690,0.187672104534883,65.8717,D1 PSNR (dB)
alpha,G-PCC trisoup,d1_psnr,trisoup-predlift/lossy-geom-lossy-attrs,d1,soldier_vox10_0690,0.187672104534883,65.8717,D1 PSNR (dB)
alpha,G-PCC trisoup,d1_psnr,trisoup-predlift/lossy-geom-lossy-attrs,d1,soldier_vox10_0690,0.187672104534883,65.8717,D1 PSNR (dB)
alpha,G-PCC trisoup,d1_psnr,trisoup-predlift/lossy-geom-lossy-attrs,d1,soldier_vox10_0690,0.726161542056633,67.952,D1 PSNR (dB)
alpha,$\alpha = 0.90$,d2_psnr,c3p,d2,soldier_vox10_0690,0.218949564361472,69.0484,D2 PSNR (dB)
alpha,$\alpha = 0.90$,d2_psnr,c3p,d2,soldier_vox10_0690,0.331175264509577,71.1733,D2 PSNR (dB)
alpha,$\alpha = 0.90$,d2_psnr,c3p,d2,soldier_vox10_0690,0.43635655790012,72.658,D2 PSNR (dB)
alpha,$\alpha = 0.90$,d2_psnr,c3p,d2,soldier_vox10_0690,0.80398056728042,74.4455,D2 PSNR (dB)
alpha,$\alpha = 0.75$,d2_psnr,c3p-a0.75,d2,soldier_vox10_0690,0.271220678529159,72.3625,D2 PSNR (dB)
alpha,$\alpha = 0.75$,d2_psnr,c3p-a0.75,d2,soldier_vox10_0690,0.363275428775006,73.892,D2 PSNR (dB)
alpha,$\alpha = 0.75$,d2_psnr,c3p-a0.75,d2,soldier_vox10_0690,0.533398953806431,75.4958,D2 PSNR (dB)
alpha,$\alpha = 0.75$,d2_psnr,c3p-a0.75,d2,soldier_vox10_0690,0.915089739975815,77.061,D2 PSNR (dB)
alpha,$\alpha = 0.50$,d2_psnr,c3p-a0.5,d2,soldier_vox10_0690,0.238474103633213,73.9916,D2 PSNR (dB)
alpha,$\alpha = 0.50$,d2_psnr,c3p-a0.5,d2,soldier_vox10_0690,0.394530851875555,76.9969,D2 PSNR (dB)
alpha,$\alpha = 0.50$,d2_psnr,c3p-a0.5,d2,soldier_vox10_0690,0.559027666191347,78.3622,D2 PSNR (dB)
alpha,$\alpha = 0.50$,d2_psnr,c3p-a0.5,d2,soldier_vox10_0690,1.04733947851924,80.0231,D2 PSNR (dB)
alpha,$\alpha = 0.25$,d2_psnr,c3p-a0.25,d2,soldier_vox10_0690,0.364325846049595,73.9602,D2 PSNR (dB)
alpha,$\alpha = 0.25$,d2_psnr,c3p-a0.25,d2,soldier_vox10_0690,0.468655052699912,75.2444,D2 PSNR (dB)
alpha,$\alpha = 0.25$,d2_psnr,c3p-a0.25,d2,soldier_vox10_0690,0.882967538984346,76.8969,D2 PSNR (dB)
alpha,G-PCC trisoup,d2_psnr,trisoup-predlift/lossy-geom-lossy-attrs,d2,soldier_vox10_0690,0.048671782247765,62.6025,D2 PSNR (dB)
alpha,G-PCC trisoup,d2_psnr,trisoup-predlift/lossy-geom-lossy-attrs,d2,soldier_vox10_0690,0.187672104534883,69.0278,D2 PSNR (dB)
alpha,G-PCC trisoup,d2_psnr,trisoup-predlift/lossy-geom-lossy-attrs,d2,soldier_vox10_0690,0.187672104534883,69.0278,D2 PSNR (dB)
alpha,G-PCC trisoup,d2_psnr,trisoup-predlift/lossy-geom-lossy-attrs,d2,soldier_vox10_0690,0.187672104534883,69.0278,D2 PSNR (dB)
alpha,G-PCC trisoup,d2_psnr,trisoup-predlift/lossy-geom-lossy-attrs,d2,soldier_vox10_0690,0.726161542056633,71.3322,D2 PSNR (dB)
